PLAYER_ID,Home,OPP,TEAM
1630149,False,['ATL'],['NYL']
1630469,False,['ATL'],['NYL']
1641663,False,['ATL'],['NYL']
203822,False,['ATL'],['NYL']
204296,False,['ATL'],['NYL']
1642810,False,['ATL'],['NYL']
1630142,False,['ATL'],['NYL']
1630384,False,['ATL'],['NYL']
1631136,False,['ATL'],['NYL']
1629477,False,['ATL'],['NYL']
1629566,False,['ATL'],['NYL']
1629546,False,['ATL'],['NYL']
1630993,False,['ATL'],['NYL']
1627668,False,['ATL'],['NYL']
1627673,False,['ATL'],['NYL']
1642327,True,['NYL'],['ATL']
1631044,True,['NYL'],['ATL']
1642804,True,['NYL'],['ATL']
1628886,True,['NYL'],['ATL']
1642291,True,['NYL'],['ATL']
1631009,True,['NYL'],['ATL']
1643431,True,['NYL'],['ATL']
1628277,True,['NYL'],['ATL']
1642302,True,['NYL'],['ATL']
1643469,True,['NYL'],['ATL']
1631021,True,['NYL'],['ATL']
201886,True,['NYL'],['ATL']
1628278,True,['NYL'],['ATL']
1628280,True,['NYL'],['ATL']
1629498,False,['GSV'],['LVA']
1631006,False,['GSV'],['LVA']
1643434,False,['GSV'],['LVA']
1631019,False,['GSV'],['LVA']
1643444,False,['GSV'],['LVA']
203855,False,['GSV'],['LVA']
1630389,False,['GSV'],['LVA']
203833,False,['GSV'],['LVA']
1643495,False,['GSV'],['LVA']
1642769,False,['GSV'],['LVA']
1629480,False,['GSV'],['LVA']
1629488,False,['GSV'],['LVA']
1628932,False,['GSV'],['LVA']
204319,False,['GSV'],['LVA']
204323,False,['GSV'],['LVA']
1628931,True,['LVA'],['GSV']
1642822,True,['LVA'],['GSV']
1641656,True,['LVA'],['GSV']
1642794,True,['LVA'],['GSV']
203866,True,['LVA'],['GSV']
1630097,True,['LVA'],['GSV']
1631039,True,['LVA'],['GSV']
1641695,True,['LVA'],['GSV']
1630387,True,['LVA'],['GSV']
1642767,True,['LVA'],['GSV']
203026,True,['LVA'],['GSV']
1631007,True,['LVA'],['GSV']
1628508,True,['LVA'],['GSV']
1643832,True,['LVA'],['GSV']
204329,True,['LVA'],['GSV']
